Asset,Timeframe,Date,Price,EMA21,ATR,RSI,RSI_Z_Score,ATR_Distance,Pct_Above_EMA,High,Low,Volume,Unnamed: 10,Unnamed: 11,Unnamed: 12
ACH,1d,2026-06-04,0.0057669999077916,0.0065097182402397,0.0003733866520417,30.28370410512954,-1.611987975171399,-1.989140019834286,-11.409377565023048,0.00606340309605,0.005798066034913,11101244.0,0.0059496057219803,0.0055841375142335,14574345.0
ACH,1w,2026-06-01,0.005909000057727,0.0077098993198203,0.0015410409163469,37.75960317412812,0.0412546584478142,-1.1686252084482385,-23.35827210432663,0.0063809999264776,0.0057629998773336,30244002.0,,,
ADA,1d,2026-06-04,0.1985999941825867,0.2339232800810921,0.0105176576817386,19.57989871864481,-2.251113783510336,-3.358474573653014,-15.10037217598017,0.2179363220930099,0.2046076208353042,607227392.0,0.2011259943246841,0.1897871792316437,850629888.0
ADA,1w,2026-06-01,0.2125519961118698,0.2915263402490226,0.0493444991192285,31.578738344401813,0.0081663873219545,-1.6004690603167586,-27.08995148420985,0.2369759976863861,0.2100120037794113,1150988477.0,,,
AEVO,1d,2026-06-04,0.0223841238766908,0.0247078980133281,0.0016491383583481,36.75136465673213,-0.9720828977037194,-1.409083795106732,-9.404985140313308,0.0235746763646602,0.022103177383542,11542747.0,0.0233342088758945,0.0215528812259435,13886754.0
AEVO,1w,2026-06-01,0.0233719777315855,0.0310071891477745,0.0083932141801994,35.745489598734494,0.7861506270467618,-0.9096886189561768,-24.62400374249027,0.0250950008630752,0.0219930000603199,34454535.0,,,
ASX,1d,2026-06-04,8686.099609375,8692.681044707142,97.687124800285,49.32166127744254,0.5390138279770824,-0.0673725974185173,-0.0757123757134677,8810.5,8724.400390625,0.0,8785.7001953125,8652.2001953125,0.0
ASX,1w,2026-06-01,8785.7001953125,8749.669868639918,217.7158722941001,51.431399491791936,0.0112467945407273,0.1654924204327692,0.4117906985464697,8810.5,8625.7998046875,1438400.0,,,
AUDUSD,1d,2026-06-04,0.7138268351554871,0.7163724675890831,0.0058184554724861,47.08339613596272,-1.033338726814079,-0.4375099965332113,-0.3553504006321279,0.718339204788208,0.7131650447845459,0.0,0.7140816450119019,0.7125552296638489,0.0
AUDUSD,1w,2026-06-01,0.718339204788208,0.7037266797134318,0.0127309208505538,62.35337615413632,-0.7754727680905409,1.147797967351315,2.0764489248477283,0.7203002572059631,0.7135798335075378,0.0,0.7190106511116028,0.7135798335075378,0.0
BMNR,1d,2026-06-03,16.8799991607666,19.63169133631512,1.2150198111360713,31.83983854339404,-1.6861578449712424,-2.2647302952003896,-14.016582312795322,17.809999465942383,16.81999969482422,35569457.0,,,
BMNR,1w,2026-06-01,16.8799991607666,22.6901419842396,5.103236076874894,42.46956623804143,-2.167860453464205,-1.1385212708072476,-25.60646305126111,19.440000534057617,16.81999969482422,119221457.0,,,
BMNY,1d,2026-06-04,7.09250020980835,8.807237394514594,0.2709056928529356,27.12089840993481,-1.8293994309323,-6.32964618295087,-19.469637389066328,7.712500095367432,7.707499980926514,12.0,7.184999942779541,7.09250020980835,2003.0
BMNY,1w,2026-06-01,7.375,,,,,,,8.162500381469727,7.707499980926514,16.0,,,
BNB,1d,2026-06-04,605.6599731445312,653.3896535587968,26.52420358549767,38.28115353583236,-1.814037044849984,-1.7994764766608164,-7.30493361109987,655.0858154296875,620.417724609375,2071683712.0,622.7236938476562,596.2479858398438,2365703424.0
BNB,1w,2026-06-01,622.510009765625,683.7327228549957,72.9410552025803,41.94174809881329,0.5825255999418796,-0.839345042642116,-8.954187951357516,725.1892700195312,620.417724609375,7888541353.0,,,
BTC,1d,2026-06-04,64190.859375,73015.38263264654,2304.987209207404,19.3657985801696,-2.009498051970155,-3.828447820619772,-12.08584128367072,67390.9140625,65273.21875,48789331968.0,64659.05859375,61351.62890625,58725892096.0
BTC,1w,2026-06-01,65279.0703125,76890.5519177105,7107.26492378989,35.589746378526826,-0.2055044893577859,-1.6337482462970825,-15.1013112997775,73969.5703125,65273.21875,147158241971.0,,,
CAC,1d,2026-06-04,8240.830078125,8146.427254174563,111.679304559055,56.0088668043139,1.284967602157164,0.8453027561656915,1.1588248566518653,8199.0302734375,8150.419921875,0.0,8242.7998046875,8150.89013671875,0.0
CAC,1w,2026-06-01,8150.419921875,8112.091892466657,265.6810332166349,51.43815857331992,-0.0492690116042436,0.1442633256288599,0.4724802173892644,8244.6103515625,8101.14990234375,119512700.0,,,
CLSK,1d,2026-06-03,17.610000610351562,15.76754928721492,1.1846142740913892,67.28572572253648,-0.0522522914184705,1.555317510039139,11.685083646008252,18.270000457763672,17.329999923706055,21977211.0,,,
CLSK,1w,2026-06-01,17.610000610351562,13.01911775323116,2.3309576229000624,65.07408449168358,1.715947796357138,1.9695265207818973,35.262626424751474,19.170000076293945,17.329999923706055,73735711.0,,,
COPPER,1d,2026-06-04,6.429999828338623,6.334259089311509,0.1273188389160414,55.90164584698,-0.7546330965428094,0.7519762184624477,1.511474944065174,6.684000015258789,6.486999988555908,51688.0,6.499499797821045,6.42549991607666,7339.0
COPPER,1w,2026-06-01,6.673500061035156,5.950588403659325,0.2923796971567936,71.37012648217308,1.543095255352193,2.4725097686524973,12.148574365037163,6.684000015258789,6.34499979019165,55111.0,6.697999954223633,6.49399995803833,44470.0
CORN,1d,2026-06-04,425.25,451.3242117321336,9.296233670637308,30.67580781777075,-2.010672773884048,-2.804814579316194,-5.777268547606522,442.0,430.25,220561.0,431.5,425.25,28900.0
CORN,1w,2026-06-01,440.0,447.3608537228313,17.00504019207301,47.54928612446367,-1.46337877832713,-0.4328630594041512,-1.645395134951124,459.0,430.25,952056.0,449.25,439.0,435583.0
D2X,1d,2026-06-04,0.0014934054252571,0.001746398534087,0.0001331093426254,32.45555292390851,-1.875143589670401,-1.900641261085416,-14.48656213870239,0.0016953884064465,0.0014284720039362,28.73266579856208,0.001547097173582,0.0013719248052814,35.60884078185526
D2X,1w,2026-06-07,0.0017129138942579,0.0020559103418236,0.0004791966021444,21.00185356379488,,-0.7157739558893432,-16.683434125898103,0.0018782622828701,0.001627123476138,80.90821078263048,,,
DAX,1d,2026-06-04,24948.259765625,24749.70115255208,364.4708453123964,55.33188002203192,-0.1446381637631445,0.5447859976364681,0.802266709602052,24973.150390625,24761.9609375,0.0,25001.01953125,24830.630859375,0.0
DAX,1w,2026-06-01,24795.939453125,24262.075574081497,866.8856892909146,55.2310881628112,0.4303250219284252,0.6158411491141207,2.20040481455682,25362.830078125,24761.9609375,125680300.0,,,
DJI,1d,2026-06-03,50687.0703125,50198.815378491,519.7275702730436,59.55750545688417,-0.5718488406620506,0.9394439739890804,0.9726423429071652,51220.921875,50687.0703125,540369521.0,,,
DJI,1w,2026-06-01,51307.7890625,48917.11081791233,1284.524128376789,66.6088081376078,1.043188928664971,1.8611392279635013,4.887202462726509,51369.609375,50687.0703125,2609019521.0,51369.609375,50767.3203125,1170734554.0
DRIFT,1d,2023-06-16,8.600000001024455e-05,9.652778635115262e-05,2.165873897924276e-06,21.0028755851137,-1.0463495329897976,-4.860756829378505,-10.906482722611775,8.600000001024455e-05,8.600000001024455e-05,0.0,,,
DRIFT,1w,2023-06-12,8.600000001024455e-05,0.0001148748679512,5.418002991305885e-05,40.195001670879904,-1.508552232074676,-0.5329430047814907,-25.13593134511161,8.600000001024455e-05,8.600000001024455e-05,0.0,,,
DXY,1d,2026-06-04,99.40399932861328,99.0221491326951,0.4342188982838156,57.85398441975997,0.749369255183817,0.8793956168821324,0.3856209941540208,99.552001953125,99.19100189208984,0.0,99.4990005493164,99.39600372314452,0.0
DXY,1w,2026-06-01,99.21099853515624,98.80433661028788,1.197239994677012,52.44176501261025,0.6079350740128665,0.3396661710905068,0.4115830729903572,99.552001953125,98.75,0.0,99.38999938964844,98.91999816894533,0.0
EIGEN,1d,2026-06-04,0.1940000057220459,0.2099686003249787,0.0214327550526756,44.93137974944138,-1.139008522744634,-0.7450556199465028,-7.605229819228882,0.2202340513467788,0.1934048682451248,27203306.0,0.2110797613859177,0.1886730194091797,30998450.0
EIGEN,1w,2026-06-01,0.210999995470047,0.284951045225876,0.0979189570866838,37.35296316644835,1.8087142568568573,-0.755227097551325,-25.952194594411548,0.2323859930038452,0.1934048682451248,81200513.0,,,
ETH,1d,2026-06-04,1793.069946289062,2032.539544827071,79.49056005831024,19.12539150139281,-2.268638081657949,-3.012553922910422,-11.781792838789915,1888.910888671875,1800.96435546875,24467718144.0,1814.464599609375,1717.802490234375,27380733952.0
ETH,1w,2026-06-01,1802.1500244140625,2304.130233046731,301.65142685596675,33.55143633109016,-0.7763100416756634,-1.6641068595785402,-21.7861039898298,2017.6077880859373,1800.96435546875,69131929548.0,,,
EURUSD,1d,2026-06-04,1.16130530834198,1.165283134175422,0.0055250966225825,42.38461400406807,-0.8094783127855543,-0.719955885872391,-0.3413613152701092,1.163602590560913,1.159823656082153,0.0,1.161844968795776,1.159823656082153,0.0
EURUSD,1w,2026-06-01,1.163467168807983,1.16731818179041,0.0140689119807384,48.36970987836219,-0.618334847282023,-0.2737250035894271,-0.3299025957533148,1.1685519218444824,1.160739183425903,0.0,1.166725039482117,1.160739183425903,0.0
FTSE,1d,2026-06-04,10304.0703125,10373.88260591424,111.5465383966503,45.37116346026243,-0.9975861853793638,-0.6258579998779752,-0.6729620535173468,10383.0703125,10322.3603515625,0.0,10359.1298828125,10238.6201171875,0.0
FTSE,1w,2026-06-01,10373.509765625,10260.39197124309,270.6700451679223,55.14791258080795,-0.7157275549164236,0.4179176691374608,1.1024704972182913,10462.2001953125,10288.900390625,4035719100.0,10409.7998046875,10288.900390625,936795500.0
GAS,1d,2026-06-04,1.260807037353516,1.474436105011221,0.064630599859455,21.33610180250463,-2.319010348685556,-3.3053858098526083,-14.48886573868042,1.37370502948761,1.3184860944747925,4250804.0,1.348372340202332,1.239332556724548,6290721.0
GAS,1w,2026-06-01,1.3400208950042725,1.7096506661338091,0.2672820960734436,35.90736547749435,-0.6615589442835003,-1.382920055475658,-21.620192852930288,1.472267985343933,1.3184860944747925,13058544.0,,,
GBPUSD,1d,2026-06-04,1.342768549919128,1.346060435418208,0.007885478932864,46.28383533096903,-0.4565265144221928,-0.4174617074126628,-0.2445570356621645,1.3472005128860474,1.3413456678390503,0.0,1.343526124954224,1.341255664825439,0.0
GBPUSD,1w,2026-06-01,1.346728801727295,1.344520086586192,0.0185057927401268,51.37479643732057,-0.1908710375048757,0.119352635800019,0.1642753546889013,1.3485448360443115,1.3408780097961426,0.0,1.348199486732483,1.340878009796143,0.0
GOLD,1d,2026-06-04,4498.2998046875,4547.79329365118,76.78077522161335,44.19909216255002,0.1340868130315416,-0.6446078308121537,-1.08829680172082,4525.10009765625,4454.0,100553.0,4511.2001953125,4450.10009765625,24801.0
GOLD,1w,2026-06-01,4518.60009765625,4611.961751101759,243.537174331366,48.84266748509219,-1.128386574043709,-0.3833568887453592,-2.024337114747436,4591.7998046875,4449.7001953125,104110.0,4571.2998046875,4449.7001953125,98967.0
HIVE,1d,2026-06-03,4.380000114440918,3.74856477361922,0.4112991234698552,67.99321495404651,-0.094901135420053,1.535221703111597,16.84472268601219,4.945000171661377,4.309999942779541,36981187.0,,,
HIVE,1w,2026-06-01,4.380000114440918,3.00201073292768,0.599549606556589,67.01260167900608,2.022565076757316,2.298374257015172,45.90221368627051,5.019999980926514,4.309999942779541,141254687.0,,,
HSI,1d,2026-06-04,25223.009765625,25667.59430272206,406.7979078300744,42.98961678054088,-0.6714458658886924,-1.0928879636292763,-1.7320849466983812,25953.009765625,25569.44921875,0.0,25499.08984375,25188.01953125,0.0
HSI,1w,2026-06-01,25633.2109375,25815.58864465657,928.5103642576844,48.62763888722034,-0.4517344906068414,-0.1964196784193964,-0.7064634847841068,26045.0703125,25174.30078125,7454300000.0,,,
HUT,1d,2026-06-03,131.2899932861328,109.47503023692614,9.028015795798288,75.25563906621483,0.7237923554349034,2.4163629686336536,19.926884698725058,135.30999755859375,126.9000015258789,3243047.0,,,
HUT,1w,2026-06-01,131.2899932861328,78.17635282415763,13.939825723487052,90.01988487675067,1.6066239284805843,3.8102083566571854,67.94080120550507,140.8000030517578,120.0500030517578,11204647.0,,,
IREN,1d,2026-06-03,65.4800033569336,58.50310979461127,5.119291631796002,61.40985719165954,0.3303130588179356,1.3628630803114885,11.925679825938015,70.70659637451172,64.80999755859375,58168272.0,,,
IREN,1w,2026-06-01,65.4800033569336,49.535937108701575,10.008700023453006,64.22405652363838,1.364755544998784,1.5930206930841064,32.18686710871017,70.70659637451172,60.2599983215332,166267772.0,,,
IREY,1d,2026-06-03,10.029999732971191,10.440332289059633,0.6026072619566817,48.00431314449842,-0.9941341501824792,-0.6809286611583153,-3.930263374073129,10.244999885559082,9.994999885559082,222.0,,,
IREY,1w,2026-06-01,10.029999732971191,,,,,,,10.244999885559082,8.992500305175781,1797.0,,,
JASMY,1d,2026-06-04,0.0049600000493228,0.0055059289188328,0.0003209609860182,32.78247919874701,-2.332724832627353,-1.7009197170115598,-9.91529090836296,0.0052564921788871,0.0050235409289598,23966002.0,0.0050957850180566,0.0046943402849137,35688508.0
JASMY,1w,2026-06-01,0.0051199998706579,0.0062222803010603,0.0012211708375923,39.95279221646267,0.4147074190507963,-0.902642281055233,-17.715055848811822,0.005634999834001,0.0049629998393356,63614650.0,,,
LINK,1d,2026-06-04,8.199999809265137,9.127094765159333,0.4114226029822076,27.76172014328505,-2.156431993435035,-2.253388484672752,-10.157612906937006,8.5938720703125,8.203764915466309,468663488.0,8.375261306762695,7.917221546173096,564851200.0
LINK,1w,2026-06-01,8.362441062927246,10.08917043711448,1.4995866631626122,37.50243302239493,0.3090170549750906,-1.1514702128288998,-17.114681379900254,9.18735408782959,8.262826919555664,785781527.0,,,
MARA,1d,2026-06-03,13.960000038146973,13.332544951643062,0.9358268292531856,59.298024799812026,-1.0092165485250164,0.6704820452782239,4.706191419415282,14.375,13.69499969482422,31087336.0,,,
MARA,1w,2026-06-01,13.960000038146973,11.67240174049543,1.9602776827865327,59.78155717051824,1.428570381380074,1.1669766573068998,19.598351294876245,15.31999969482422,13.65999984741211,121529936.0,,,
MARY,1d,2026-06-03,12.932499885559082,12.834617375263926,0.4718233215117554,53.45152499878006,-1.3942381241255295,0.2074558544107849,0.7626445528777822,12.954999923706056,12.954999923706056,3.0,,,
MARY,1w,2026-06-01,12.932499885559082,,,,,,,13.412500381469728,12.954999923706056,45.0,,,
MSTR,1d,2026-06-03,126.54499816894533,158.45392750121658,10.840017300945652,30.499120222946843,-1.772917620560026,-2.9436234690776395,-20.13767019566384,138.17999267578125,126.4000015258789,19715063.0,,,
MSTR,1w,2026-06-01,150.1900024414062,165.513002868696,24.30592064356096,41.41608963504803,0.5836979666582682,-0.6304225481518272,-9.25788316428877,162.05999755859375,126.4000015258789,87851763.0,,,
MSTY,1d,2026-06-04,5.440000057220459,6.849900160800892,0.501948120837576,28.53867021710282,-1.667883301393747,-2.808856224479538,-20.582783259363403,6.012499809265137,5.855000019073486,3734.0,5.644999980926514,5.324999809265137,4439.0
MSTY,1w,2026-06-01,5.783750057220459,8.443105069068809,1.7740809427023811,27.371597246663683,0.289662965718834,-1.4990043282903815,-31.49735778595078,6.860000133514404,5.840000152587891,59538.0,,,
NATGAS,1d,2026-06-04,3.220000028610229,3.036653582384659,0.1364081270264601,62.5204884503426,0.6599374144972442,1.3441020723787591,6.037779458583801,3.249000072479248,3.1429998874664307,123815.0,3.25600004196167,3.214999914169312,4077.0
NATGAS,1w,2026-06-01,3.165999889373779,3.132909381941828,0.5044845401771153,49.55778810723362,0.6599168738372366,0.0655927085899069,1.0562229352270862,3.3959999084472656,3.0989999771118164,634035.0,3.395999908447266,3.098999977111816,294184.0
NDX,1d,2026-06-03,30571.236328125,29380.93890250054,403.0399527409662,76.96101376018032,0.2553535512667138,2.95329884178868,4.051257277973361,30762.19921875,30441.8046875,1435006000.0,,,
NDX,1w,2026-06-01,30660.6015625,27006.39410816311,998.0661608136496,78.02977000384894,1.526118082119799,3.6612877961495913,13.530897311582772,30762.19921875,30210.009765625,33215896000.0,30670.109375,30241.19921875,11591319000.0
NEAR,1d,2026-06-04,2.510999917984009,2.257019062737163,0.2409061656200574,60.63266112377539,-0.9914131919344694,1.0542729555847437,11.252933545844073,3.0673983097076416,2.6244819164276123,1471239680.0,2.841434478759766,2.521933317184448,1448532992.0
NEAR,1w,2026-06-01,2.625498056411743,1.7114585137304985,0.3775658178057849,67.37894386280824,2.2804514039249058,2.420874717931736,53.40705225094211,2.7567930221557617,2.260603904724121,2118946154.0,,,
NEO,1d,2026-06-04,2.422940492630005,2.732278106592663,0.1304974037805963,27.70276555707032,-2.277275775049862,-2.370450330818411,-11.32160057997988,2.5877835750579834,2.4803342819213867,41185488.0,2.493674993515015,2.335187435150146,75567280.0
NEO,1w,2026-06-01,2.4924886226654053,3.0721404625502817,0.4942271426416011,36.89367471506324,0.3403417391735613,-1.1728450137050097,-18.86801228494901,2.7393178939819336,2.465488910675049,64068421.0,,,
NIGHT,1d,2026-06-04,0.0386487729847431,0.0353810029857461,0.0027153660200043,60.64197606806172,1.014456618673532,1.2034362862770664,9.235945064399226,0.0388874076306819,0.036708764731884,838146.0,0.0396659038960933,0.0363967679440975,1103688.0
NIGHT,1w,2026-06-01,0.0382569842040538,0.0366853587044939,0.0086653988810822,53.03619740148388,-0.5579359012678727,0.1813679348322905,4.284067418338762,0.040617998689413,0.0362050011754035,2827083.0,,,
NIK,1d,2026-06-04,67470.6875,63986.10088811215,1424.770869061321,69.29310543270779,0.5182190107193727,2.4457171939398163,5.445849275893668,68786.4921875,67238.53125,0.0,68051.9375,66920.796875,0.0
NIK,1w,2026-06-01,68402.1328125,58401.30305964548,2799.1935317616203,78.51348305850044,1.3217426054600594,3.572753951942968,17.124326391554373,68786.4921875,65551.1328125,377200000.0,,,
NZDUSD,1d,2026-06-04,0.5873715281486511,0.5898992026266736,0.0061682399609646,47.35926823373476,-0.7854445749129843,-0.4097886097199079,-0.428492608019707,0.5936832427978516,0.5863039493560791,0.0,0.5878203511238098,0.586097776889801,0.0
NZDUSD,1w,2026-06-01,0.592522382736206,0.5878916011668989,0.0118155962174726,53.08814670094079,0.0335317553128279,0.3919211086833942,0.7876930985432694,0.5994592905044556,0.5912611484527588,0.0,0.5981684327125549,0.5912611484527588,0.0
OIL,1d,2026-06-04,95.05999755859376,95.86827247832014,5.601195581774308,48.58921532135174,-0.0905315698081927,-0.1443039986599337,-0.8431099245156124,97.0,93.4499969482422,230545.0,95.91000366210938,94.76000213623048,17003.0
OIL,1w,2026-06-01,93.54000091552734,87.22708605939673,12.21648685049882,55.5215689658373,-0.7808934441402433,0.5167537061502138,7.237333196974939,97.0,86.3499984741211,1142426.0,94.77999877929688,88.44999694824219,471442.0
ONDO,1d,2026-06-04,0.387719988822937,0.3806748754071134,0.0369899441004437,52.51849533892246,-0.5060811010423072,0.1904602341840001,1.8506904108891296,0.4295662939548492,0.3787930309772491,457242080.0,0.421908438205719,0.380795806646347,461977856.0
ONDO,1w,2026-06-01,0.4229499995708465,0.3640559579044808,0.0883982253221781,52.48012854438076,1.7922003847045542,0.666235565835391,16.177194848111252,0.4295662939548492,0.343652993440628,1033900634.0,,,
PEAQ,1d,2026-06-04,0.0260191764682531,0.0275926673136565,0.0040871467982262,48.49493792573596,-1.615684196434285,-0.384985155435643,-5.702568829308742,0.0266307964920997,0.0235075894743204,5565239.0,0.0264537502080202,0.0241257660090923,9467968.0
PEAQ,1w,2026-06-01,0.0250943023711442,0.0268244805310215,0.0105321169603527,45.28073713829073,1.392471173859642,-0.1642763906240636,-6.449996889506774,0.0322580002248287,0.0235075894743204,25493574.0,,,
RENDER,1d,2026-06-04,2.009000062942505,2.017702223403341,0.1710925830464596,50.5917069610264,-0.5486235375361688,-0.0508622893283054,-0.4312906215743704,2.2589173316955566,2.035834789276123,164760304.0,2.200989723205566,1.992839217185974,174269776.0
RENDER,1w,2026-06-01,2.127000093460083,1.9200128551222653,0.394093901118746,52.69059045479433,1.5796773599883085,0.5252231454235303,10.780513150503706,2.2589173316955566,1.9569799900054927,435656406.0,,,
REZ,1d,2026-06-04,0.0035900000948458,0.00434104476245,0.000325846615948,29.45252412315762,-1.449069921794522,-2.3049024628317145,-17.301011823251415,0.0038769384846091,0.0036347962450236,11160466.0,0.0037792928051203,0.0035067470744252,17747400.0
REZ,1w,2026-06-01,0.0037599999923259,0.0047535626645386,0.0014399699650773,41.608508029695365,0.5801791476213995,-0.6899884694187541,-20.901432090601386,0.0042090001516044,0.003618000075221,21061025.0,,,
RIOT,1d,2026-06-03,27.64999961853028,24.67288149963643,1.591444369220221,68.70086335668239,-0.2819226373804107,1.8707019714126605,12.066357628061054,28.63999938964844,27.25,15776666.0,,,
RIOT,1w,2026-06-01,27.64999961853028,19.489690316345943,3.120340870345553,74.47440396752641,1.7739219390484435,2.6151980316434584,41.86987668726732,28.940000534057617,25.850000381469727,52593866.0,,,
RIOY,1d,2026-06-04,12.14000034332275,12.05976861060206,0.4933597403401427,53.12019366281712,-1.434049246125414,0.16262318580226195,0.6652841800808426,12.595000267028809,12.595000267028809,0.0,12.14000034332275,12.14000034332275,28.0
RIOY,1w,2026-06-01,12.595000267028809,,,,,,,12.595000267028809,12.045000076293944,103.0,,,
RSR,1d,2026-06-04,0.0014540000120177,0.0016546640139318,0.000111803532697,30.87560805434821,-2.196800639115463,-1.794791247409027,-12.127175077509744,0.0015825718874111,0.0015003130538389,6241273.0,0.0015075234696269,0.0013875659788027,7953840.0
RSR,1w,2026-06-01,0.0015030000358819,0.0020844508853791,0.0004931929792095,35.393059608676325,0.5633716923458427,-1.1789520005517644,-27.89467737405589,0.0016570000443607,0.0014769999543204,19857817.0,,,
RTY,1d,2026-06-03,2894.069580078125,2858.286373874054,44.17028003995578,57.73119002256166,-0.5668772802605195,0.8101195231658518,1.2519111636659208,2921.239990234375,2885.52099609375,0.0,,,
RTY,1w,2026-06-01,2931.96337890625,2704.824469113449,101.9607281154174,70.22315285932217,1.005276305490028,2.227709766211991,8.39754713795714,2934.949951171875,2880.889892578125,20346660000.0,2934.951904296875,2880.889892578125,6583960000.0
SCP,1d,2026-06-04,0.025389,0.0259858388079952,0.0039269877916327,48.48435608936604,-0.3013437191187293,-0.1519838715228309,-2.296784846566503,0.026361,0.023107,2193.7143975029585,0.025389,0.025137,666.2986806960012
SCP,1w,2026-06-01,0.026166,0.0246866575604743,0.0096181357980799,50.21112348773006,0.6631210164939941,0.1538076058170182,5.992477660864847,0.026361,0.023107,7179.036078837795,,,
SEI,1d,2026-06-04,0.0555200017988681,0.0634946969161518,0.0046665095712653,38.06698174157847,-1.856805257163295,-1.708920767330873,-12.559623881368609,0.0648837238550186,0.0609443224966526,103606640.0,0.0596949122846126,0.055108830332756,123976912.0
SEI,1w,2026-06-01,0.0608600005507469,0.0801689998429111,0.0178962405435824,36.94293319837538,1.40698167115877,-1.078941649512437,-24.085368820865497,0.071781001985073,0.0609443224966526,353263458.0,,,
SILVER,1d,2026-06-04,73.2699966430664,76.23814482268308,2.606354241779673,41.90156204973041,-1.072917655802009,-1.1388122658223017,-3.8932586653571946,75.625,73.30999755859375,31719.0,74.16999816894531,72.56999969482422,6098.0
SILVER,1w,2026-06-01,75.5,74.7909782657842,8.975776442211886,52.73795287829414,-0.7014391690277699,0.0789928023253075,0.948004359156996,76.0250015258789,73.30999755859375,31906.0,77.3550033569336,74.375,30339.0
SLNH,1d,2026-06-03,1.5399999618530271,1.6885510644946906,0.2508091925832071,46.49022214322608,-1.716993111452974,-0.5922873125648324,-8.797548724777128,1.7698999643325806,1.4800000190734863,21652115.0,,,
SLNH,1w,2026-06-01,1.629999995231628,1.397833028043775,0.4859652455867636,54.20152981401185,0.8537147307962627,0.4777439730438547,16.609062923113473,1.7999999523162842,1.4800000190734863,83243515.0,,,
SOL,1d,2026-06-04,70.63999938964844,81.49576936548674,3.446751489849428,21.78663882231085,-2.330992320516655,-3.1495656149879654,-13.320654630736811,75.53910827636719,71.84015655517578,4455547392.0,71.92571258544922,67.66507720947266,5236523520.0
SOL,1w,2026-06-01,71.81999969482422,95.19122359828084,14.309319813049436,33.0237282092983,-0.2121497972919308,-1.6332868514227457,-24.55186835509772,82.88072204589844,71.84015655517578,12699772083.0,,,
SPX,1d,2026-06-03,7553.68017578125,7438.22675987666,65.198267609196,67.03898036088829,-0.9621110068467212,1.770804963662952,1.55216316511577,7605.35009765625,7551.22021484375,3388765000.0,,,
SPX,1w,2026-06-01,7609.77978515625,7085.69337460441,183.2050049203136,73.65241468383556,1.311949160239472,2.860655530561492,7.396402622080719,7620.89990234375,7551.22021484375,23735427000.0,7620.89990234375,7562.60986328125,9970007000.0
USDCAD,1d,2026-06-04,1.390730023384094,1.378088815767747,0.0057278080304083,69.59203728925421,1.827514194381327,2.2069887030494124,0.917299920854837,1.3899500370025637,1.3832000494003296,0.0,1.390910029411316,1.388499975204468,0.0
USDCAD,1w,2026-06-01,1.383299946784973,1.377182821956666,0.0141340974602227,52.56962566129882,1.107573389637453,0.4327920368118466,0.4441766721731178,1.3853299617767334,1.377020001411438,0.0,1.385419964790344,1.379729986190796,0.0
USDCHF,1d,2026-06-04,0.7910400032997131,0.7853246687865302,0.0053419499261152,58.66497507270944,1.66458491376957,1.0698966842130633,0.7277670930691876,0.7927299737930298,0.7862300276756287,0.0,0.7922599911689758,0.7901300191879272,0.0
USDCHF,1w,2026-06-01,0.7871800065040588,0.7865155894687453,0.012111531866211,49.24333157718189,0.8820334023208359,0.054858216339017,0.0844760160141625,0.788320004940033,0.7798699736595154,0.0,0.7884100079536438,0.7817000150680542,0.0
USDJPY,1d,2026-06-04,159.8869934082031,159.0300313208988,0.7469677690242614,62.26589254143136,1.198808427980074,1.1472544369936215,0.5388680868552994,160.0850067138672,159.3509979248047,0.0,160.0829925537109,159.5740051269531,0.0
USDJPY,1w,2026-06-01,159.9230041503906,157.7351082423501,2.241641872502179,59.68301753998735,0.5083055218424101,0.9760238398822896,1.3870697097306568,159.89500427246094,159.0989990234375,0.0,159.9900054931641,159.3679962158203,0.0
VTHO,1d,2026-06-04,0.0004509999998845,0.0005066019179616,3.473322232017672e-05,35.56656000209702,0.0347946413417888,-1.6008280937653283,-10.975465371480244,0.0004673369112424,0.000451384432381,2940458.0,0.0004615880607161,0.0004333520482759,3075942.0
VTHO,1w,2026-06-01,0.0004590000025928,0.0006497949542974,0.000133471786012,29.11472098915992,-0.0435951318929631,-1.4294777750813468,-29.362331985310608,0.0005189999938011,0.0004459999909158,13064370.0,,,
W,1d,2026-06-04,0.0116499997675418,0.0124787852537045,0.0009883217460879,43.11498222551845,0.1109985194900018,-0.8385786202147486,-6.641555803011007,0.0136901745572686,0.0122345043346285,36013692.0,0.0129406526684761,0.0115679204463958,53932480.0
W,1w,2026-06-01,0.0127600003033876,0.0219195903160523,0.0193388207057805,26.24592620649329,1.855993178650138,-0.4736374648701739,-41.78723178944124,0.0136901745572686,0.0118789998814463,121608782.0,,,
WHEAT,1d,2026-06-04,582.5,619.9155933958308,16.12686309205237,34.99672119319824,-1.771639534794024,-2.320078813980254,-6.035594812331177,606.75,585.5,92073.0,588.25,581.25,4758.0
WHEAT,1w,2026-06-01,602.5,591.6028494270229,33.72939212921346,54.53065722098248,-1.123213117737048,0.3230758067394568,1.841970603003552,628.0,585.5,318103.0,619.5,599.25,136203.0
WOO,1d,2026-06-04,0.0152093060314655,0.0168114634606862,0.0009470213736755,35.60651036159585,-1.115497140483858,-1.691785923481771,-9.53014847855056,0.0162811838090419,0.0152642093598842,10949283.0,0.0158478077501058,0.0146696865558624,12711466.0
WOO,1w,2026-06-01,0.0157845970243215,0.0211036665770239,0.0049250601722202,34.84986414954683,0.542398321745343,-1.080000927238328,-25.204480620886056,0.0171329993754625,0.0152642093598842,32845190.0,,,
WULF,1d,2026-06-03,26.15999984741211,23.95727801861299,1.755448994729878,63.02257393785621,0.4071496892579413,1.2547911305950916,9.194374365434054,27.43000030517578,25.739999771118164,24047169.0,,,
WULF,1w,2026-06-01,24.70999908447266,18.9040506321049,2.942596748142567,71.24705646422534,1.043440789915569,1.9730696895633435,30.71272165610617,27.46999931335449,23.940000534057617,102718469.0,,,
XLM,1d,2026-06-04,0.2120579928159714,0.1933439195218315,0.0216032852814548,57.22228045912038,0.3616141560382526,0.8662605270599657,9.679163089494931,0.2330596596002578,0.2131198495626449,782256384.0,0.2192512899637222,0.1996130049228668,938303808.0
XLM,1w,2026-06-01,0.2223819941282272,0.1909928183704713,0.0383321302166022,54.14471961713203,2.1204457995629578,0.8188737641343169,16.434741382196844,0.2730369865894317,0.2155330032110214,2208677530.0,,,
XRP,1d,2026-06-04,1.19159996509552,1.315972976923006,0.0485381158433256,25.09853639361279,-2.109143152051258,-2.5623782395869013,-9.451030834865136,1.246068000793457,1.1951855421066284,2706374400.0,1.209520220756531,1.150486826896667,3058652416.0
XRP,1w,2026-06-01,1.2098939418792725,1.509040682764868,0.19652668111916,32.268901455702505,-0.7435868508712115,-1.5221685889266798,-19.823636585959903,1.3377219438552856,1.198580026626587,5362553923.0,,,
XXI,1d,2026-06-03,6.409999847412109,7.473551011360796,0.4406702354516746,30.922327764658604,-1.761236713619787,-2.413485364761649,-14.230867794063986,6.599999904632568,6.369999885559082,1611763.0,,,
XXI,1w,2026-06-01,6.409999847412109,8.503692377209402,1.6020905334526323,36.003093717996414,0.2953141843005986,-1.3068503221757508,-24.62098153278171,7.215000152587891,6.369999885559082,5935863.0,,,
YMST,1d,2026-06-04,6.489999771118164,9.087518248969984,0.4805737982867037,24.59265827524301,-1.927514724480957,-5.405035578536006,-28.583364640244135,7.277500152587891,7.192500114440918,10520.0,6.732500076293945,6.489999771118164,4972.0
YMST,1w,2026-06-01,7.082499980926514,12.126534128125302,1.6464786672335026,23.15832209922344,0.076772023013922,-3.063528394008306,-41.59501877374891,8.5024995803833,7.192500114440918,16574.0,,,
