Asset,Timeframe,Date,Price,EMA21,ATR,RSI,RSI_Z_Score,ATR_Distance,Pct_Above_EMA,High,Low,Volume
ACH,1M,2026-10-01,0.005526999942958355,0.01414142773033824,0.007199929727556648,36.34715624277981,-0.5713076512615358,-1.1964599813258536,-60.91625224586741,0.0065000001341104,0.005280999932438135,44501041.0
ACH,1d,2026-10-09,0.005526999942958355,0.005827492961923413,0.0003649138635183759,44.43568913127873,-1.818943712201152,-0.8234628744104335,-5.1564715895577535,0.00563086848706007,0.005444694776087999,3321222.0
ACH,1w,2026-10-05,0.005526999942958355,0.005638981944271758,0.001000029442576257,46.52292585081279,1.12820000258708,-0.1119787043718608,-1.9858549365840406,0.0062580001540482,0.005280999932438135,23443089.0
ADA,1M,2026-10-01,0.2369100004434586,0.4655736962771877,0.213018756473533,28.99328228146777,-0.4972381630538489,-1.0734439521626817,-49.11439320179936,0.281266987323761,0.2244649976491928,6588995356.0
ADA,1d,2026-10-09,0.2369100004434586,0.243329636999489,0.01553999140266446,48.56298430208646,-2.03393404038697,-0.4131042540300051,-2.6382468799079644,0.2403924316167831,0.2316287159919739,723929664.0
ADA,1w,2026-10-05,0.2369100004434586,0.2250527307102094,0.04185104219865922,49.98227196796551,1.200311190011501,0.28332077554878876,5.268662902169939,0.281266987323761,0.2244649976491928,4353379379.0
AEVO,1M,2026-10-01,0.02675766497850418,0.08835283347138702,0.05327791732103533,9.715743403069723,,-1.1561106662959528,-69.71498940419424,0.0316380001604557,0.02375799976289272,72441923.0
AEVO,1d,2026-10-09,0.02675766497850418,0.02560561593602915,0.001838353843830334,58.82142056424495,-0.439544631567641,0.6266742642290547,4.499204570408337,0.02710030414164066,0.02591476961970329,11807374.0
AEVO,1w,2026-10-05,0.02675766497850418,0.02428910580289878,0.005220861387730482,51.30266669488268,1.717386901854716,0.4728260323874424,10.163236125846966,0.0316380001604557,0.02375799976289272,60184454.0
ASX,1M,2026-10-01,8716.599609375,8666.44700729066,427.4875578772473,51.35120125000294,-1.3127846513970285,0.11731944277718757,0.5786985374992593,8789.2998046875,8613.2001953125,3949400.0
ASX,1d,2026-10-09,8716.599609375,8747.6021418341,73.6012808019195,45.36303916054928,1.47721376275999,-0.42122273038341046,-0.354411780010383,8716.599609375,8660.900390625,0.0
ASX,1w,2026-10-05,8716.599609375,8828.753981883929,199.0615667588806,45.56644590415223,-1.059367686254627,-0.5634155017215305,-1.2703307028269522,8753.900390625,8658.7001953125,2527800.0
AUDUSD,1M,2026-10-01,0.6979827880859375,0.6738035911942402,0.0252271587487275,55.86222367373043,0.4175746490485328,0.9584589819460713,3.5884636424751712,0.6990200877189636,0.6905199885368347,0.0
AUDUSD,1d,2026-10-09,0.6979827880859375,0.7027188770159921,0.004825388324603977,38.49110929117064,0.04505073038073902,-0.9814938428697985,-0.6739663733192747,0.6989585757255554,0.6959426403045654,0.0
AUDUSD,1w,2026-10-05,0.6979827880859375,0.7050681362218608,0.0106120286446703,46.1525005603198,-1.182128992658632,-0.667671410732745,-1.004916797671566,0.6990200877189636,0.6933000087738037,0.0
BMNR,1M,2026-10-01,24.08499908447266,,20.43952395567444,43.4739656001254,,,,28.20000076293945,23.25,209261998.0
BMNR,1d,2026-10-09,24.08499908447266,25.47081277093511,1.534444306848597,44.75873069195843,-1.831526246045434,-0.9031371684701944,-5.440790990556107,24.59000015258789,23.80999946594238,13287498.0
BMNR,1w,2026-10-05,24.08499908447266,22.21943510198601,3.72587971074137,54.74978917698866,0.6204706327469749,0.5007042973256486,8.3960909623661,27.29000091552734,23.25,142787398.0
BMNY,1M,2026-10-01,7.15749979019165,,,,,,,8.017499923706055,7.202499866485596,2217.0
BMNY,1d,2026-10-09,7.15749979019165,8.105456582470879,0.2467006419419216,34.7606749056353,-2.063437591768793,-3.8425388147242723,-11.695291716561783,7.202499866485596,7.202499866485596,140.0
BMNY,1w,2026-10-05,7.15749979019165,8.198232225599085,0.8351807818906155,42.51391576428852,,-1.2461163594443683,-12.694595697810735,8.017499923706055,7.202499866485596,463.0
BNB,1M,2026-10-01,739.0999755859375,722.4940283854725,151.7848452054033,54.07416980617099,-0.3326860596520523,0.10940451385639319,2.298419993529035,808.432861328125,718.1430053710938,13537946334.0
BNB,1d,2026-10-09,739.0999755859375,762.0620059771396,21.71346797037807,43.83288115211722,-2.169281358471967,-1.0575017506428437,-3.013144627484674,744.2822875976562,733.4198608398438,1691487360.0
BNB,1w,2026-10-05,739.0999755859375,689.6962895920705,62.17042557638727,55.86595499776978,0.7726185608556575,0.7946493133325259,7.163107405302625,808.432861328125,718.1430053710938,8048019127.0
BTBT,1M,2026-10-01,1.320000052452087,2.140976003690216,0.9260070995480394,34.79743469989262,-0.3125717169853944,-0.8865763033985663,-38.34587355594287,1.754999995231628,1.310999989509583,110291756.0
BTBT,1d,2026-10-09,1.320000052452087,1.558737667326731,0.1182825164702316,33.94443151730393,-1.94735755659112,-2.018367735139687,-15.316086848923351,1.399999976158142,1.315000057220459,3776756.0
BTBT,1w,2026-10-05,1.320000052452087,1.622245970110717,0.3211864608261248,40.85476668721743,-1.050111304608352,-0.9410294471355434,-18.63132491788542,1.659999966621399,1.310999989509583,74986256.0
BTC,1M,2026-10-01,82722.5234375,87437.39438353055,16367.55347797104,49.09487430706196,-0.275393857722123,-0.288062046192564,-5.392282077104797,87146.3515625,80336.90625,281092019251.0
BTC,1d,2026-10-09,82722.5234375,83162.5144523587,2192.829489816711,50.7818640761895,-1.875636115534578,-0.20064989863642801,-0.5290737272148629,83259.6328125,81602.40625,33707124736.0
BTC,1w,2026-10-05,82722.5234375,75544.58629217568,6207.268241425033,58.18054873261,1.115652923998977,1.1563761813000766,9.501590382086397,86971.78125,80336.90625,174154514964.0
BTDR,1M,2026-10-01,9.664999961853027,12.76289456464972,6.14808703560518,45.9111939863197,-0.8467666645593708,-0.503879431903936,-24.272664692985458,11.82499980926514,9.46500015258789,54980621.0
BTDR,1d,2026-10-09,9.664999961853027,10.96736600810027,0.8286999717259776,36.9425516429496,-1.656273566140389,-1.5715772784868525,-11.874920972686995,10.01000022888184,9.579999923706055,2365421.0
BTDR,1w,2026-10-05,9.664999961853027,11.93519881276621,2.571263090153197,42.29687318321359,-0.8906510594842441,-0.8829119274519368,-19.021039251435983,11.52000045776367,9.46500015258789,35060621.0
CAC,1M,2026-10-01,7803.330078125,7967.868008342166,474.988845536144,51.40884308535341,-1.201603533216417,-0.3464037771906909,-2.0650182714485066,7935.85009765625,7679.35986328125,413144800.0
CAC,1d,2026-10-09,7803.330078125,7988.954915527765,91.96151383928586,33.37497220540072,-0.05555844856580117,-2.018505673222898,-2.3235183996591857,7825.33984375,7766.990234375,0.0
CAC,1w,2026-10-05,7803.330078125,8213.437129002139,223.0472144064795,35.89534827381244,-2.141039208648435,-1.8386557840160387,-4.993123395673493,7916.7099609375,7679.35986328125,264480900.0
CLSK,1M,2026-10-01,10.47010040283203,11.63068675711681,4.69554619565502,45.51325856222816,-0.2764129434390304,-0.24716748721559148,-9.978657137976993,13.48200035095215,10.30000019073486,109557672.0
CLSK,1d,2026-10-09,10.47010040283203,12.55450528416215,0.858395894643223,31.79016829370563,-1.962858076755592,-2.4282558832559036,-16.602843633828044,10.75,10.30000019073486,4681872.0
CLSK,1w,2026-10-05,10.47010040283203,13.01485653756597,2.387104150766717,41.19971819029149,-1.62935622874212,-1.0660431946032132,-19.55270215533132,12.93000030517578,10.30000019073486,72331372.0
COPPER,1M,2026-10-01,6.692999839782715,5.307214305514381,0.5744683845167948,78.73996037155769,0.877426839924731,2.243156091849739,23.41691542263866,6.71750020980835,6.460000038146973,38596.0
COPPER,1d,2026-10-09,6.692999839782715,6.582417419861792,0.09588818214316362,56.71256989632776,1.044604868466136,1.1532434701475556,1.6799666880324453,6.71750020980835,6.511499881744385,32369.0
COPPER,1w,2026-10-05,6.692999839782715,6.408387283981706,0.2637540659745768,62.64868754929847,-0.03255458002621141,1.079083102470324,4.441250866851033,6.71750020980835,6.511499881744385,36014.0
CORN,1M,2026-10-01,503.0,445.6904761904762,42.0381512718712,60.22654888474528,1.5113095806980477,1.2592742723987518,11.73673807361504,509.75,495.0,1467640.0
CORN,1d,2026-10-09,503.0,509.5212277582315,10.28390651092451,46.44846058600572,-0.9101808409301293,-0.6341197045406849,-1.279873615260993,503.5,498.75,93780.0
CORN,1w,2026-10-05,503.0,477.9864968104329,22.59038303472755,60.11848000588196,0.4483235372948748,1.1072633496791324,5.233098289696519,509.75,495.0,890083.0
D2X,1M,2026-10-01,0.001540017851939797,,,,,,,0.0023352882350533,0.0010589477240439,945.0981037969096
D2X,1d,2026-10-09,0.001540017851939797,0.001719433781097085,0.0004061295468952047,45.26072621126382,-1.205744516180736,-0.44177019507419263,-10.43459370926234,0.001829102530441952,0.001510753390720764,20.68408910223263
D2X,1w,2026-10-05,0.001540017851939797,0.001522715318786936,0.0005185174798604848,49.96468080994566,,0.033369237923312485,1.136294679602021,0.002180337640506,0.0011139397670947,524.8087234707558
DAX,1M,2026-10-01,25087.26953125,23975.69613397106,1452.63237907559,65.65287446323251,-1.4869002818943369,0.7652131491012951,4.6362507727312865,25522.08984375,24792.7890625,307972000.0
DAX,1d,2026-10-09,25087.26953125,25341.36265353856,302.3288488713364,43.40297978609173,0.3876609020476797,-0.8404527825814431,-1.0026813702264694,25164.740234375,24955.7109375,0.0
DAX,1w,2026-10-05,25087.26953125,25311.75077188329,744.8828947617502,48.98844616414365,-1.615440601009915,-0.30136447247199766,-0.8868657196271341,25522.08984375,24792.7890625,190392900.0
DJI,1M,2026-10-01,51526.1015625,47733.70015160459,2523.081048701802,60.79343801058944,-0.565996666890739,1.5030834672737552,7.944913968224865,51672.25,50546.5390625,2855516228.0
DJI,1d,2026-10-09,51526.78125,51650.07723619843,473.3312272219272,46.18430299854972,1.924838085070798,-0.26048563692295423,-0.23871404031902696,51533.80078125,51258.94921875,141237649.0
DJI,1w,2026-10-05,51231.640625,51705.27651063523,1203.258020934499,49.12789044939001,-1.995954894686055,-0.3936278648426428,-0.9160300797111276,51672.25,50862.8515625,1688880000.0
DXY,1M,2026-10-01,102.302001953125,100.8497685433151,2.756498153049255,49.11213848962532,1.818470058041092,0.5268399720142881,1.439996770231724,102.5400009155273,101.4599990844727,0.0
DXY,1d,2026-10-09,102.302001953125,101.2364847119626,0.486908456310633,69.84514925401957,0.561001332148179,2.1883317641183635,1.0525032000014614,102.3349990844727,101.9199981689453,0.0
DXY,1w,2026-10-05,102.302001953125,100.2024233947762,1.100834409735296,63.64716785951605,1.495836998343921,1.907261019260522,2.0953371058471344,102.5400009155273,101.75,0.0
EIGEN,1M,2026-10-01,0.2197699993848801,0.886097292174129,0.5732945472524864,17.28621531377799,,-1.1622773947225242,-75.19798318696446,0.2667779922485352,0.2121700048446655,245447843.0
EIGEN,1d,2026-10-09,0.2197699993848801,0.2397814544985499,0.01950100884763127,41.7230910213269,-2.139348648761583,-1.0261753773882596,-8.345705949411041,0.2295944094657898,0.2185118198394775,42250716.0
EIGEN,1w,2026-10-05,0.2197699993848801,0.2335876025877778,0.06129377010827426,45.66366807194388,0.7986879872364114,-0.22543242451050377,-5.915383800261966,0.2662039995193481,0.2121700048446655,143408671.0
ETH,1M,2026-10-01,2485.10009765625,2688.48213237563,798.2682344398198,45.68506688572212,0.2925761799185221,-0.25477906541289624,-7.5649390513027175,2773.52490234375,2406.15185546875,121708757038.0
ETH,1d,2026-10-09,2485.10009765625,2615.252879367413,86.88055876945918,38.90435054041521,-2.339408044648025,-1.498065661116753,-4.976680562632422,2507.030029296875,2469.688720703125,13936897024.0
ETH,1w,2026-10-05,2485.10009765625,2305.607160324905,249.8131682428956,55.54602858656417,0.7293098501702538,0.7185087103047434,7.78506158464787,2736.78515625,2406.15185546875,77390251197.0
EURUSD,1M,2026-10-01,1.119319438934326,1.134913778071335,0.0326305630403451,52.67785541209473,-1.2141831316276592,-0.477905916539897,-1.374054966846023,1.133915424346924,1.116233468055725,0.0
EURUSD,1d,2026-10-09,1.119319438934326,1.136027960611164,0.006553860833948729,20.71145596392199,-0.8038787046905033,-2.549416611089552,-1.4707843694136904,1.124606370925903,1.119319438934326,0.0
EURUSD,1w,2026-10-05,1.119319438934326,1.14957003073511,0.01257163777872801,33.62115060538329,-1.902500080853853,-2.406257031360697,-2.6314701142165164,1.127586364746094,1.116233468055725,0.0
FTSE,1M,2026-10-01,10552.0498046875,9770.754082583977,458.1766688697545,68.81336708083032,-0.1988576443087896,1.7052280816280965,7.996268409785842,10606.400390625,10367.2998046875,4436497900.0
FTSE,1d,2026-10-09,10552.0498046875,10598.96113574224,107.6402308682825,45.10493586737557,0.3648267333663476,-0.4358159646846595,-0.4426031047188553,10577.330078125,10441.5,0.0
FTSE,1w,2026-10-05,10552.0498046875,10593.94254765523,239.9681036088574,50.4497410064748,-1.64062156628092,-0.17457629717328546,-0.3954405338643432,10602.599609375,10367.2998046875,2823894700.0
FUFU,1M,2026-10-01,1.340000033378601,2.816426610887799,0.941287603140594,17.39986326345588,-0.9918341329124162,-1.568518030603101,-52.42197939053687,1.559999942779541,1.259999990463257,469143.0
FUFU,1d,2026-10-09,1.340000033378601,1.373832245955348,0.1040281030268652,47.44416176593703,-0.7930680882284981,-0.3252218544061099,-2.4626159908788865,1.340000033378601,1.270099997520447,16343.0
FUFU,1w,2026-10-05,1.340000033378601,1.553216585773116,0.315814384455824,40.07052604793606,0.7031189169457557,-0.6751324920234579,-13.72741923743919,1.559999942779541,1.259999990463257,389643.0
GAS,1M,2026-10-01,1.315575242042542,2.331138245663035,1.006893065628653,26.02798592319378,-0.3253948518858409,-1.0086105846666318,-43.565112687327606,1.47121798992157,1.275612950325012,12515435.0
GAS,1d,2026-10-09,1.315575242042542,1.382075008290692,0.06655163194642928,43.27552718213122,-1.983730299436504,-0.9992206697752971,-4.811588795777082,1.350453734397888,1.310518026351929,1250895.0
GAS,1w,2026-10-05,1.315575242042542,1.309738366465975,0.2091829051280123,47.78228947075688,1.042209956865605,0.02790321500217728,0.44565202684841815,1.447523951530457,1.275612950325012,6753936.0
GBPUSD,1M,2026-10-01,1.322646379470825,1.324899547424458,0.0385341362368668,52.9516666199991,-1.3483339451815926,-0.058471998432324666,-0.17006330464925537,1.328727006912231,1.318217754364014,0.0
GBPUSD,1d,2026-10-09,1.322646379470825,1.3307157482267,0.007058606608794792,38.31624749606823,0.4714595281023314,-1.1431957046339545,-0.6063931208921379,1.325047373771667,1.320759773254395,0.0
GBPUSD,1w,2026-10-05,1.322646379470825,1.340692569809578,0.01583817538326456,41.53597422322751,-1.562369840924462,-1.1394109423628136,-1.3460349333714987,1.328727006912231,1.318634867668152,0.0
GOLD,1M,2026-10-01,4215.7001953125,3764.571451822917,403.2883466042168,69.71843024084353,-1.8421098891146988,1.1315463364742553,11.606329001021066,4259.0,4091.199951171875,966428.0
GOLD,1d,2026-10-09,4215.7001953125,4259.793396773161,88.8543465365126,43.45740155834357,0.5418502100354932,-0.4962413565501999,-1.0351018782756376,4232.7001953125,4156.10009765625,104664.0
GOLD,1w,2026-10-05,4215.7001953125,4365.488039812977,224.7252542177423,44.39614456598333,-0.2184658232783779,-0.6665376573802592,-3.4311821068898003,4232.7001953125,4091.199951171875,666581.0
HIVE,1M,2026-10-01,2.481300115585327,2.794801030746364,1.242314441061827,44.27959452977387,0.170640409554707,-0.252352306951437,-11.217289234980539,3.099999904632568,2.480000019073486,59653183.0
HIVE,1d,2026-10-09,2.481300115585327,2.930991337333951,0.1869563447477954,32.54558430661164,-1.907806028194077,-2.4053274167039294,-15.34263223574267,2.609999895095825,2.480000019073486,3038883.0
HIVE,1w,2026-10-05,2.481300115585327,3.024423579547214,0.5722084450672248,42.94501896885946,-1.366667571716917,-0.9491706538830949,-17.957916597224706,3.049999952316284,2.480000019073486,41628183.0
HSI,1M,2026-10-01,24211.349609375,24326.57675422782,2079.129008771412,56.60077137479845,-1.450799259599764,-0.05542087305150365,-0.47366773392311856,24354.109375,23737.140625,8414600000.0
HSI,1d,2026-10-08,23785.7890625,24569.97710590194,322.732281126419,32.66306059243625,-1.586189031465519,-2.429840735686314,-3.191651502245686,24146.009765625,23737.140625,2868700000.0
HSI,1w,2026-10-05,24211.349609375,24936.63803399866,909.4070102518124,43.20764139800846,-0.2774628062240049,-0.7975399534503592,-2.9085252937256465,24354.109375,23737.140625,6427200000.0
HUT,1M,2026-10-01,80.83000183105469,54.2448939023549,21.83236120369903,58.50855328609348,-0.6179833954797678,1.2176927488812115,49.0094200876401,93.8000030517578,77.70999908447266,40717383.0
HUT,1d,2026-10-09,80.83000183105469,90.06672639096533,7.065235873143072,40.10887786675013,-1.570402125944549,-1.3073483639834307,-10.255423872980005,81.86000061035156,77.70999908447266,1887983.0
HUT,1w,2026-10-05,80.83000183105469,91.03320252625727,17.58720415722926,45.7355226915112,-1.11390624591705,-0.5801491018120998,-11.208218992690727,93.8000030517578,77.70999908447266,31378083.0
IREN,1M,2026-10-01,34.8849983215332,31.99767766946169,15.01187612852477,52.93373177164526,-0.6693398753694344,0.19233576318853168,9.023531900964008,43.90999984741211,34.77000045776367,274677172.0
IREN,1d,2026-10-09,34.88000106811523,41.05601159309738,2.620718904273863,33.40052406811236,-1.937713821584285,-2.356609293316551,-15.042889665445502,36.29000091552734,34.77000045776367,18724731.0
IREN,1w,2026-10-05,34.8849983215332,43.07449898594778,8.663933473361785,42.89386877613769,-1.072471994667951,-0.945240483389455,-19.01241072377009,42.20000076293945,34.77000045776367,195929072.0
IREY,1M,2026-10-01,3.872499942779541,,,,,,,4.732999801635742,3.907000064849854,15752.0
IREY,1d,2026-10-09,3.872499942779541,4.863346409477299,0.214501745623035,30.68074261754863,-1.899310714114241,-4.61929325479276,-20.373758792235652,4.03000020980835,3.907000064849854,144.0
IREY,1w,2026-10-05,3.872499942779541,6.521094834079403,0.9988981957492941,35.90599709494516,,-2.6515163432777014,-40.6158008538419,4.663000106811523,3.907000064849854,13349.0
JASMY,1M,2026-10-01,0.004879999905824661,0.01080868704553236,0.005907931134830909,25.73005823482934,2.537186211544572,-1.0035132442141073,-54.851131453179136,0.0061900001019239,0.004484000150114298,173676339.0
JASMY,1d,2026-10-09,0.004879999905824661,0.004889856438762968,0.0003706741875493272,51.28231500041149,-1.162692961630525,-0.026590826308873956,-0.2015710085100295,0.004882143344730139,0.004678052850067616,9571548.0
JASMY,1w,2026-10-05,0.004879999905824661,0.004848257851170087,0.0009645476852291146,48.09557546249312,1.493103919563658,0.03290874587194183,0.6547105296166125,0.0054930001497268,0.004484000150114298,50426935.0
KEEL,1M,2026-10-01,3.069999933242798,2.593759421137747,1.312858123322487,51.13871888596187,-0.0377553825524638,0.36275093526466956,18.361013293058196,3.75,3.059999942779541,168918101.0
KEEL,1d,2026-10-09,3.069999933242798,3.502473621405903,0.2512954695020747,37.02715107649373,-1.778370297731506,-1.7209768605061722,-12.347664391245546,3.230000019073486,3.069999933242798,8426501.0
KEEL,1w,2026-10-05,3.069999933242798,3.763833622713904,0.7750268079449912,42.79194945432008,-1.112626105835784,-0.8952383096409642,-18.43422847609345,3.625,3.059999942779541,118809801.0
LINK,1M,2026-10-01,12.79599952697754,13.90599421930076,5.34721746831434,47.25039865512476,0.8700250974367424,-0.2075836075305789,-7.982131121431128,14.63315200805664,12.1319751739502,3254646989.0
LINK,1d,2026-10-09,12.79599952697754,13.36565782030009,0.7039751045862213,46.3836823027975,-1.941187127686286,-0.8092023277689339,-4.262104424500064,12.94821453094482,12.68186569213867,366622080.0
LINK,1w,2026-10-05,12.79599952697754,11.0037991112139,1.658139494556446,57.73467860672036,0.8313762905509107,1.0808502069019572,16.287105913604165,14.27603816986084,12.1319751739502,1753646237.0
MARA,1M,2026-10-01,9.625,13.30637279847735,4.859962803003749,32.48401935361566,-0.259011216155501,-0.7574899125157994,-27.666238232094397,12.23999977111816,9.524999618530273,235589887.0
MARA,1d,2026-10-09,9.625,11.2767657925095,0.7835570043468119,32.93936143037151,-1.828933197108803,-2.108035258885146,-14.64751350610361,10.09000015258789,9.524999618530273,16347287.0
MARA,1w,2026-10-05,9.625,11.52974813894387,2.145636976018717,42.93503047024702,-1.327751398121638,-0.8877308511331573,-16.520292689744267,11.40999984741211,9.524999618530273,162992887.0
MARY,1M,2026-10-01,7.224999904632568,,,,,,,8.7524995803833,7.489999771118164,5929.0
MARY,1d,2026-10-09,7.224999904632568,8.920494946199314,0.3625605860614551,33.10340911593002,-1.702966437046012,-4.67644610790472,-19.006737314381105,7.5,7.489999771118164,3.0
MARY,1w,2026-10-05,7.224999904632568,10.1969768139278,1.350101398105603,41.9594811605829,,-2.201299038328058,-29.145667029818885,8.59000015258789,7.489999771118164,44.0
MSTR,1M,2026-10-01,156.3650054931641,225.5731579581764,78.3962107451937,39.15103247445695,-0.3830603770627162,-0.8827997145162443,-30.681022995583646,170.1699981689453,147.3699951171875,137323283.0
MSTR,1d,2026-10-09,156.3650054931641,151.3567256743854,8.78714140223145,56.70282533321208,-0.8694447291397293,0.5699555281433022,3.308924526785183,158.1100006103516,150.5,9511283.0
MSTR,1w,2026-10-05,156.3650054931641,135.3380262892246,21.5932635475329,56.41331882725035,1.424958550023846,0.9737749533623372,15.536637987466825,168.7299957275391,147.3699951171875,90520683.0
MSTY,1M,2026-10-01,6.144999980926514,,3.927934197765597,8.905429963761094,,,,7.054999828338623,5.949999809265137,58195.0
MSTY,1d,2026-10-09,6.144999980926514,6.306759751071929,0.368723140981932,48.39849697876898,-1.536143099346291,-0.43870251732679144,-2.5648633613785825,6.277500152587891,5.949999809265137,7985.0
MSTY,1w,2026-10-05,6.144999980926514,6.210364050871191,1.196509609427089,45.75729311867937,1.094817542403983,-0.054628955279326916,-1.0524998117543218,7.054999828338623,5.949999809265137,51858.0
NATGAS,1M,2026-10-01,3.211999893188477,3.39404761223566,1.076909903476426,49.61828748170717,-0.8837845528877906,-0.4059965108758616,-12.346547705825058,3.29800009727478,2.911999940872192,1302029.0
NATGAS,1d,2026-10-09,3.211999893188477,3.043907247929142,0.1298567807674975,61.99122937131009,0.9054331731080966,1.2944464221725704,5.522265679208631,3.236000061035156,3.111999988555908,111900.0
NATGAS,1w,2026-10-05,3.211999893188477,3.003025798971457,0.3242915262189987,54.43120738740227,1.709712983019341,0.644401957255882,6.9587845128934305,3.29800009727478,2.996999979019165,962776.0
NDX,1M,2026-10-01,30819.802734375,25617.53526393007,2013.490983016045,71.71487829667814,0.0560045149965141,2.5837053725725454,20.30744728892718,31361.369140625,30274.650390625,48137164329.0
NDX,1d,2026-10-09,30819.802734375,30403.35435320575,375.4261758442373,60.05878597886838,0.01886025783222529,1.1092683674300703,1.3697448522660824,30946.73828125,30770.0546875,437554329.0
NDX,1w,2026-10-05,30819.802734375,29262.16675080442,1065.601166422628,64.70669617493795,0.4883536744692247,1.461743880029507,5.3230370697951175,31361.369140625,30556.400390625,32853124329.0
NEAR,1M,2026-10-01,4.742000102996826,2.9019156299351,1.373596204998478,50.53106111775012,2.8405014318286224,1.3396109179435052,63.40930294733893,5.547458171844482,4.33296012878418,10491393829.0
NEAR,1d,2026-10-09,4.742000102996826,4.533146652192055,0.4902294507315009,55.87590652758591,-1.612085651775283,0.4260320355970617,4.607251139862799,4.898138523101807,4.457281589508057,1436252672.0
NEAR,1w,2026-10-05,4.742000102996826,2.814130497308242,0.654417509975351,71.98055740614207,1.322522015277554,2.9459321859544962,68.5067592825784,5.547458171844482,4.33296012878418,6517569771.0
NEO,1M,2026-10-01,2.380284070968628,5.051830155380911,2.361467847645869,18.47589905883662,-0.3100142440659508,-1.1313074141896655,-52.88273758702496,2.713443040847778,2.265053987503052,43898024.0
NEO,1d,2026-10-09,2.380284070968628,2.458922736214546,0.1290129367209656,46.57167806660703,-1.790918023475359,-0.6095409285659547,-3.1980941933531635,2.414049386978149,2.345673799514771,4605562.0
NEO,1w,2026-10-05,2.380284070968628,2.362044742031881,0.3472310382056727,48.05872105847664,1.196004217857308,0.05252793365189752,0.7721838884837215,2.590787887573242,2.265053987503052,23444472.0
NIGHT,1M,2026-10-01,0.04477967694401741,0.02219963991282127,0.0134652561313025,60.74264632328489,,1.6769110673435006,101.71352832689496,0.0525630004703998,0.0374250002205371,31895735.0
NIGHT,1d,2026-10-09,0.04477967694401741,0.03771105544684562,0.004092871142349978,64.98472005123509,-0.5564193055257686,1.7270569366406296,18.744162456909034,0.04581166058778763,0.04425953701138496,1597218.0
NIGHT,1w,2026-10-05,0.04477967694401741,0.02935486623099008,0.007971567679839309,63.46620217363095,2.333156268462119,1.9349783295496354,52.54600920900562,0.0525630004703998,0.04093600064516068,10482017.0
NIK,1M,2026-10-01,69030.921875,52907.26462101088,5466.709162036493,71.51920066661356,0.005406575079174,2.9494265701858984,30.475318218560837,70798.6171875,67081.65625,995400000.0
NIK,1d,2026-10-08,69042.109375,67201.0129167876,1245.534705334825,59.86026519218774,0.7316754076749489,1.478157493586239,2.7396855766030757,69918.203125,69042.109375,162200000.0
NIK,1w,2026-10-05,69030.921875,65152.06012555437,3348.215846691836,62.87311636357732,-0.158024224763291,1.1584861690676511,5.953551955180974,70798.6171875,68150.0234375,631400000.0
NZDUSD,1M,2026-10-01,0.560978353023529,0.5802723911873858,0.0271783017973776,42.51432463947548,-0.551169318452718,-0.7099059502576562,-3.324996752710608,0.563818633556366,0.5582007765769958,0.0
NZDUSD,1d,2026-10-09,0.560978353023529,0.5681948370770621,0.004207735234388141,31.08920301503908,0.7079339858559274,-1.7150518394207863,-1.270072091935304,0.5627778768539429,0.5602868795394897,0.0
NZDUSD,1w,2026-10-05,0.560978353023529,0.5801022559981511,0.01132328512216458,37.53940355319284,-1.762398322973357,-1.6889005945093005,-3.2966434412009984,0.5628697276115417,0.5582007765769958,0.0
OIL,1M,2026-10-01,92.0,72.52142860775902,14.30027520177277,58.78585458406426,1.1238555915707436,1.3884356634515105,27.32787827074221,93.68000030517578,86.86000061035156,1951014.0
OIL,1d,2026-10-09,92.0,92.02838911469225,4.252797987767069,50.40683348630342,-0.3308513660313921,-0.006675396944295348,-0.030848214301420825,92.16000366210938,90.01000213623047,127288.0
OIL,1w,2026-10-05,92.01000213623047,87.8501771572097,10.21169838803672,54.09435879193563,0.5195649690897015,0.40735877823165206,4.7351355610549035,93.1999969482422,86.86000061035156,1258531.0
ONDO,1M,2026-10-01,0.4780800044536591,0.6380243133982112,0.2871936522756742,38.84547790896884,0.0465292780767381,-0.5569214628428597,-25.06868556351171,0.5148169994354248,0.4404459893703461,2401118480.0
ONDO,1d,2026-10-09,0.4780800044536591,0.4736333067445709,0.03686923652100237,53.42982043811857,-1.13946550493729,0.12060726309195997,0.9388481860897345,0.4941726624965668,0.4622714221477509,386320448.0
ONDO,1w,2026-10-05,0.4780800044536591,0.4011664047068945,0.08326182315842903,55.99479178584436,1.08037845230507,0.9237558923063075,19.172492722305652,0.5114740133285522,0.4404459893703461,1556508579.0
PEAQ,1M,2026-10-01,0.04590897262096405,0.09308345610879154,0.06725477892775547,29.88676471100972,,-0.7014294633025547,-50.679772174222,0.0476280003786087,0.03728599846363068,34120711.0
PEAQ,1d,2026-10-09,0.04590897262096405,0.03939021793432072,0.003973985110734944,63.7052864240551,-0.4852372645145609,1.6403570987304874,16.54917141487438,0.04590897262096405,0.03880348801612854,8131587.0
PEAQ,1w,2026-10-05,0.04590897262096405,0.02869431959375829,0.007774805402820116,68.25504003847948,2.083263173834888,2.2141587004816325,59.99324350924971,0.0476280003786087,0.03728599846363068,21265622.0
RENDER,1M,2026-10-01,1.868299961090088,2.843854952419786,1.444397784922479,26.1849554175006,0.326996999882379,-0.6754060422365272,-34.30396443038052,2.197295904159546,1.764456987380981,451591124.0
RENDER,1d,2026-10-09,1.868299961090088,1.873782441532314,0.1354184289387325,52.15582902749096,-2.131992722054118,-0.04048548255353528,-0.2925889538031336,1.94890284538269,1.823976635932922,53644000.0
RENDER,1w,2026-10-05,1.868299961090088,1.678926403449451,0.3000598706623322,53.65160021407302,1.353005850281088,0.6311192403790157,11.279443652298154,2.197295904159546,1.764456987380981,325627235.0
REZ,1M,2026-10-01,0.003866600105538964,0.01068725303224238,0.00686992017269517,14.04022697510979,,-0.992828556263642,-63.82044952174505,0.0048960000276565,0.003544999985024333,64305559.0
REZ,1d,2026-10-09,0.003866600105538964,0.003990640494551868,0.0003530610279120118,48.59043127520692,-1.41065343259619,-0.3513284650715323,-3.1082827225917207,0.003849817207083106,0.003707107156515121,6073644.0
REZ,1w,2026-10-05,0.003866600105538964,0.00366423951381878,0.0009829969163182505,49.94100844991025,1.188412789339341,0.20586086116944474,5.522580905452014,0.0042449999600648,0.003544999985024333,33000864.0
RIOT,1M,2026-10-01,16.80999946594238,15.65955456745338,5.985540200230901,50.80806508747512,-0.2873924078322111,0.1922040216929157,7.346600399988828,21.09000015258789,16.35499954223633,116786525.0
RIOT,1d,2026-10-09,16.80999946594238,20.13002175301765,1.407085945860012,31.63902566138746,-1.650230301756187,-2.3595021305156108,-16.492889713731053,17.17000007629395,16.47999954223633,5072925.0
RIOT,1w,2026-10-05,16.80999946594238,20.71778071349586,3.915981649419598,42.55859547332564,-1.346952553224394,-0.9979059141231335,-18.861968381622532,19.88999938964844,16.35499954223633,80349925.0
RIOY,1M,2026-10-01,5.195000171661377,,,,,,,6.445000171661377,5.255000114440918,2507.0
RIOY,1d,2026-10-09,5.195000171661377,6.848382271352392,0.307589507386641,29.97627776770645,-1.652412332116871,-5.3752877129606,-24.142666606204383,5.355000019073486,5.255000114440918,79.0
RIOY,1w,2026-10-05,5.195000171661377,8.723274123811287,1.258690014443712,35.51559625859738,,-2.803131757352709,-40.44667062014063,6.304999828338623,5.255000114440918,116.0
RSR,1M,2026-10-01,0.001543999998830259,0.004485253274113998,0.002589736669334225,33.28930937163148,-0.5674320997438452,-1.1357344976853894,-65.57608000107294,0.0018269999418407,0.001477999961934984,47688261.0
RSR,1d,2026-10-09,0.001543999998830259,0.001634676020408044,0.0001085170541419813,44.12412750781037,-2.105934428956107,-0.8355923619078939,-5.54703320081435,0.00157924578525126,0.001524223014712334,5096590.0
RSR,1w,2026-10-05,0.001543999998830259,0.001568352786436366,0.0002991837378077635,46.27137000724144,1.067956835762061,-0.08139743083815092,-1.5527620964312288,0.0018269999418407,0.001477999961934984,32159705.0
RTY,1M,2026-10-01,2804.2548828125,2540.932824005207,192.855146557905,56.76149610715251,-0.1210811756270819,1.3653877716363167,10.363204265755654,2864.830078125,2762.580078125,33115000000.0
RTY,1d,2026-10-09,2804.275390625,2846.05099048892,33.16180574158505,37.52682372130463,0.4804060237236856,-1.259750454768909,-1.467844392230773,2806.802001953125,2795.541259765625,0.0
RTY,1w,2026-10-05,2804.275390625,2880.680257691947,88.7071304157869,45.06847851003888,-1.977771833394912,-0.8613159585799167,-2.6523202935463632,2864.830078125,2762.580078125,22053770000.0
SCP,1d,2026-10-09,0.014575,0.01531044311337619,0.0007563732241208975,37.40079017843298,-0.4230818302749609,-0.9723283293521756,-4.803539048021807,0.014575,0.014575,0.0
SCP,1w,2026-10-05,0.014575,0.0185806514789971,0.0068236432930427,43.42065533304245,-0.7237015187810801,-0.5870253333847648,-21.558186393652345,0.014575,0.014575,0.0
SEI,1M,2026-10-01,0.06532000005245209,0.1662819829449995,0.08664142155525958,21.31445186384882,-0.4158014566974297,-1.1652853921395347,-60.71733154995045,0.0757090002298355,0.06388899683952332,516960669.0
SEI,1d,2026-10-09,0.06532000005245209,0.06617695845895304,0.004574621866859671,51.77533162283012,-1.979780646064776,-0.1873287960058703,-1.2949498231057062,0.06759380549192429,0.06516631692647934,57503016.0
SEI,1w,2026-10-05,0.06532000005245209,0.0589905877314734,0.01230009573568651,50.75781154550341,1.563281623795447,0.5145823623644683,10.72952917470551,0.0754579976201057,0.06388899683952332,292033372.0
SILVER,1M,2026-10-01,61.23500061035156,50.28576133364723,10.47771321860685,64.72616553039782,-0.9735196596245184,1.057186216937902,21.366361293331884,61.6150016784668,58.91500091552734,29903.0
SILVER,1d,2026-10-09,61.23500061035156,62.22476058047646,1.477670146366613,45.12516965509139,0.2073517984158113,-0.6698111703471737,-1.5906207768285834,61.45999908447266,59.45000076293945,28362.0
SILVER,1w,2026-10-05,61.23500061035156,65.25336780775076,5.796937702030059,44.51082227900991,-0.2507757459794411,-0.6931879216145429,-6.158099317169498,61.6150016784668,58.91500091552734,29510.0
SLNH,1M,2026-10-01,0.906000018119812,1.309561230727656,0.9328974574072859,38.24585458833897,0.6060783928050447,-0.43258903688024164,-30.81652107122977,1.1399999856948853,0.8799999952316284,51569573.0
SLNH,1d,2026-10-09,0.906000018119812,1.101967877907753,0.07802721127472742,28.76892309767186,-1.870803456618374,-2.5115322793987125,-17.78344575342928,0.9850000143051147,0.8799999952316284,3601573.0
SLNH,1w,2026-10-05,0.906000018119812,1.218637135687129,0.3052046000005225,41.09271512104463,-2.211421682673798,-1.0243525738694037,-25.654652103723762,1.080000042915344,0.8799999952316284,36099173.0
SOL,1M,2026-10-01,109.4100036621094,134.8466662154812,45.86902112524273,39.453773883154,0.1973177685927492,-0.554549932162678,-18.863397418164368,123.4789733886719,105.8435516357422,27931777345.0
SOL,1d,2026-10-09,109.4100036621094,114.8377225140951,4.652272268680826,43.06844006508957,-2.567692441261145,-1.166681255636132,-4.726425022334893,111.5121841430664,108.8169174194336,3928072960.0
SOL,1w,2026-10-05,109.4100036621094,97.20078155269196,12.30592520084271,56.7911044671774,0.8932501229643667,0.992141745553707,12.56082709869868,121.9440994262695,105.8435516357422,16816154507.0
SPX,1M,2026-10-01,7796.9501953125,6832.74557474045,364.6194237362,73.0171229081244,0.3283096895466233,2.6444137580274556,14.111525301579464,7844.52001953125,7616.77978515625,34149060000.0
SPX,1d,2026-10-09,7796.9501953125,7721.952710504617,65.46324748523024,58.82001802158102,0.9636378347146,1.145642596249195,0.9712243472542814,7805.10009765625,7779.33984375,1034060000.0
SPX,1w,2026-10-05,7796.9501953125,7551.704388264852,167.9616559307163,65.10790557748987,0.3607464124763514,1.4601297283518744,3.2475557097911993,7844.52001953125,7727.58984375,23087830000.0
USDCAD,1M,2026-10-01,1.427410006523132,1.399427220760051,0.05075222723704678,56.290986542177,0.5211141642120606,0.5513607438818933,1.9995884993492627,1.429870009422302,1.420400023460388,0.0
USDCAD,1d,2026-10-09,1.427410006523132,1.412747296170392,0.006538376308299361,72.80313277877454,0.5290967730406261,2.242561403834819,1.0378862796260249,1.429870009422302,1.420400023460388,0.0
USDCAD,1w,2026-10-05,1.427410006523132,1.399646645728157,0.01379235518084501,63.40057344581379,1.123300469794317,2.0129528590978647,1.9835978516228652,1.429870009422302,1.420400023460388,0.0
USDCHF,1M,2026-10-01,0.8307999968528748,0.8230450817337744,0.0272965492154886,47.10687305187464,1.83557669328658,0.2840987356269927,0.9422223996241255,0.8381900191307068,0.823170006275177,0.0
USDCHF,1d,2026-10-09,0.8307999968528748,0.8261485465508441,0.005188162006329106,61.13143066338571,-1.070858862915833,0.8965507045378035,0.5630283223822579,0.8319000005722046,0.8297299742698669,0.0
USDCHF,1w,2026-10-05,0.8307999968528748,0.8107056249737373,0.01156600329869282,64.4386469851993,1.5743983537544,1.737365221174412,2.478627415442983,0.8346099853515625,0.8278300166130066,0.0
USDJPY,1M,2026-10-01,158.3240051269531,154.4424786506443,5.768628123450584,56.29104351784991,0.2077577454305107,0.6728682094326126,2.5132505708413233,158.4940032958984,156.9850006103516,0.0
USDJPY,1d,2026-10-09,158.3240051269531,157.5610568594805,1.180356749644139,56.01708039231469,0.8348895874521266,0.6463709109153883,0.484223882905938,158.4309997558594,157.7519989013672,0.0
USDJPY,1w,2026-10-05,158.3240051269531,158.3258701716676,2.506281496443525,50.3062029339133,-0.467539708260953,-0.0007441481402383008,-0.0011779785024834586,158.4940032958984,157.4450073242188,0.0
VTHO,1M,2026-10-01,0.000660100020468235,0.001393264791545753,0.00096147417858819,38.93109739510417,-0.0407081535820685,-0.7625423411308694,-52.62206979795353,0.0007800000021234,0.0006329999887384474,184433361.0
VTHO,1d,2026-10-09,0.000660100020468235,0.0006747503366613364,6.523027270309924e-05,49.95402802559278,-1.298345677290226,-0.22459382102821276,-2.1712202865420007,0.0006770032341592014,0.0006564591894857585,3523159.0
VTHO,1w,2026-10-05,0.000660100020468235,0.0005443631498192366,0.0001426597298821781,55.88333361415067,1.324032007772471,0.811279193817238,21.26096718476084,0.0007800000021234,0.0006329999887384474,67540900.0
W,1M,2026-10-01,0.01748000085353851,0.06855320075194235,0.03831039433444433,12.67773054557053,,-1.3331421089676607,-74.50155403131451,0.01840100064873695,0.0129279997199773,671529828.0
W,1d,2026-10-09,0.01748000085353851,0.01372300754684231,0.001466869779421949,72.43063445108041,1.144320603757786,2.5612316508263753,27.377331782934792,0.01836804486811161,0.01516562607139349,119433728.0
W,1w,2026-10-05,0.01748000085353851,0.01320598588267133,0.00342611460549801,54.79557589662848,2.500873616440422,1.2474816119719152,32.36422489649538,0.01840100064873695,0.0136249996721744,456431491.0
WHEAT,1M,2026-10-01,683.75,571.6309523809524,66.48722625471211,62.19459489601162,1.217709133452781,1.5848752274352864,18.12691338484286,706.5,670.75,483265.0
WHEAT,1d,2026-10-09,683.75,697.3773190674156,16.91932079537729,44.00622436775072,-0.8134862530329736,-0.8054294396462311,-1.9540811974841703,687.5,678.75,34110.0
WHEAT,1w,2026-10-05,683.75,664.6563568511334,41.76083751256304,55.58980306397655,-0.4506766833842288,0.457214085879446,2.872709025055348,706.5,678.75,302256.0
WOO,1M,2026-10-01,0.01219216082245111,0.05568703529547082,0.03092648128602173,4.38490940428656,-0.7334191844742247,-1.4063958350372918,-78.10592580883412,0.0141660002991557,0.01182899996638298,14503355.0
WOO,1d,2026-10-09,0.01219216082245111,0.0128604929541097,0.0007454357262216199,44.52178200777909,-2.097290298562807,-0.896565737526637,-5.1967847114679895,0.01242063287645578,0.01212809141725302,1396911.0
WOO,1w,2026-10-05,0.01219216082245111,0.01376269214179006,0.002885816106943701,41.67665347268685,1.289963461295411,-0.5442243237744845,-11.411512392768513,0.0140770003199577,0.01182899996638298,8256192.0
WULF,1M,2026-10-01,13.69470024108887,12.12440458936924,4.696975418114545,51.21142902760987,-0.8131097742968965,0.3343206025016791,12.951527971084673,16.23999977111816,13.10999965667725,200941404.0
WULF,1d,2026-10-09,13.69470024108887,15.26334144114175,1.010977898660497,36.97106286135578,-1.541006233282484,-1.551607806789112,-10.277180826373094,13.90999984741211,13.5,6735904.0
WULF,1w,2026-10-05,13.69470024108887,17.56541935783979,3.125474632183494,37.82787921672686,-1.141181192899784,-1.2384420199394768,-22.03601882709018,15.96000003814697,13.10999965667725,143065204.0
XLM,1M,2026-10-01,0.1924639940261841,0.25531561644379,0.1181983560018533,37.74192884554389,-0.129616157335017,-0.5317470102259326,-24.61722604086901,0.230661004781723,0.1856430023908615,1796268771.0
XLM,1d,2026-10-09,0.1924639940261841,0.2068572365792016,0.01161278305988603,42.31409536153576,-2.067303460521205,-1.2394309338935288,-6.958056092713296,0.1954011619091034,0.1918374598026276,164011648.0
XLM,1w,2026-10-05,0.1924639940261841,0.1909527611382223,0.03266245854207666,50.02219658691738,-0.005836619797790747,0.04626819153907246,0.7914171436714138,0.2264509946107864,0.1856430023908615,1064064881.0
XRP,1M,2026-10-01,1.379500031471252,1.862513622906309,0.6448131302236335,45.94805376783322,-0.55443302575544,-0.7490753038287833,-25.933425962348217,1.54718804359436,1.321668028831482,24893985109.0
XRP,1d,2026-10-09,1.379500031471252,1.454412945571896,0.06721747016634319,41.19083820477501,-2.187993954112786,-1.1144857715599354,-5.150732075695813,1.404357433319092,1.377798676490784,3155624960.0
XRP,1w,2026-10-05,1.379500031471252,1.345761808971072,0.1852955145019759,50.28012449970515,0.8780420163920335,0.1820779234233451,2.5069980642395637,1.528542995452881,1.321668028831482,15113054666.0
XXI,1M,2026-10-01,6.329999923706055,13.12158898787611,5.974073686682628,47.73207173525586,,-1.1368438724332826,-51.758891933326424,7.130000114440918,6.125,8412061.0
XXI,1d,2026-10-09,6.329999923706055,6.32946896005666,0.3784132834826069,51.90867688460223,-0.7961396789279132,0.0014031316356230062,0.008388755087435794,6.445000171661377,6.275000095367432,358361.0
XXI,1w,2026-10-05,6.329999923706055,6.251191289398704,1.062644976133819,47.4942028175093,1.34540807057695,0.07416271292607766,1.260697851959856,6.880000114440918,6.125,4884861.0
YMST,1M,2026-10-01,6.026249885559082,,4.337318302764837,8.408185065015132,,,,6.427499771118164,5.887499809265137,61350.0
YMST,1d,2026-10-09,6.026249885559082,6.064551916281264,0.2353507267838021,50.74074681018274,-1.07876661818848,-0.1627444760659991,-0.6315723115396871,6.014999866485596,5.947500228881836,17911.0
YMST,1w,2026-10-05,6.026249885559082,6.783011201344893,0.9787502212659713,37.24329904648268,1.371414490204965,-0.7731914632999751,-11.15671629195843,6.427499771118164,5.947500228881836,34561.0
